code,x,y
E06000001,8,19
E06000002,9,18
E06000003,9,19
E06000004,8,18
E06000005,7,18
E06000006,1,11
E06000007,2,11
E06000008,4,15
E06000009,2,15
E06000010,10,15
E06000011,11,16
E06000012,11,14
E06000013,10,14
E06000014,9,17
E06000015,6,11
E06000016,8,8
E06000017,10,9
E06000018,8,10
E06000019,0,8
E06000020,2,9
E06000021,3,10
E06000022,1,3
E06000023,0,3
E06000024,0,2
E06000025,1,4
E06000026,-4,-2
E06000027,-3,-2
E06000030,2,4
E06000031,11,9
E06000032,10,7
E06000033,16,6
E06000034,15,4
E06000035,15,1
E06000036,4,2
E06000037,2,2
E06000038,2,3
E06000039,6,4
E06000040,4,3
E06000041,3,3
E06000042,6,5
E06000043,9,-2
E06000044,4,-1
E06000045,2,0
E06000046,1,-2
E06000047,6,18
E06000049,4,11
E06000050,3,11
E06000051,1,9
E06000052,-5,-2
E06000053,-7,-3
E06000054,1,2
E06000055,9,7
E06000056,9,6
E06000057,5,20
E06000058,0,0
E06000059,-1,0
E06000060,5,5
E06000061,9,9
E06000062,7,6
E06000063,4,18
E06000064,4,17
E06000065,8,17
E06000066,0,1
E07000008,12,8
E07000009,12,9
E07000010,13,10
E07000011,10,8
E07000012,11,8
E07000032,7,11
E07000033,10,12
E07000034,9,12
E07000035,7,12
E07000036,7,9
E07000037,7,13
E07000038,8,12
E07000039,6,10
E07000040,-2,-1
E07000041,-3,-1
E07000042,-2,0
E07000043,-3,1
E07000044,-4,-3
E07000045,-2,-2
E07000046,-4,-1
E07000047,-3,0
E07000061,10,-2
E07000062,13,-2
E07000063,10,-1
E07000064,12,-2
E07000065,11,-2
E07000066,14,5
E07000067,14,7
E07000068,13,5
E07000069,15,5
E07000070,14,6
E07000071,15,8
E07000072,12,5
E07000073,13,6
E07000074,15,7
E07000075,15,6
E07000076,16,8
E07000077,13,7
E07000078,1,5
E07000079,2,5
E07000080,-1,6
E07000081,0,6
E07000082,0,5
E07000083,1,6
E07000084,2,1
E07000085,4,0
E07000086,3,0
E07000087,2,-1
E07000088,3,-1
E07000089,3,2
E07000090,5,0
E07000091,1,0
E07000092,4,1
E07000093,1,1
E07000094,3,1
E07000095,12,6
E07000096,8,6
E07000098,9,5
E07000099,11,7
E07000102,7,5
E07000103,8,5
E07000105,12,-1
E07000106,15,0
E07000107,13,1
E07000108,14,-1
E07000109,14,1
E07000110,14,0
E07000111,12,0
E07000112,13,-1
E07000113,16,0
E07000114,15,-1
E07000115,13,0
E07000116,11,-1
E07000117,6,15
E07000118,3,14
E07000119,4,16
E07000120,5,15
E07000121,3,17
E07000122,6,16
E07000123,5,16
E07000124,5,17
E07000125,6,14
E07000126,3,15
E07000127,2,13
E07000128,3,16
E07000129,7,7
E07000130,8,9
E07000131,8,7
E07000132,7,8
E07000133,11,10
E07000134,6,9
E07000135,9,8
E07000136,12,12
E07000137,12,13
E07000138,11,12
E07000139,11,11
E07000140,12,11
E07000141,12,10
E07000142,11,13
E07000143,14,10
E07000144,15,12
E07000145,15,11
E07000146,13,11
E07000147,14,12
E07000148,14,11
E07000149,15,10
E07000170,8,11
E07000171,10,13
E07000172,7,10
E07000173,9,10
E07000174,9,11
E07000175,10,11
E07000176,10,10
E07000177,4,5
E07000178,4,4
E07000179,5,4
E07000180,3,4
E07000181,3,5
E07000192,3,9
E07000193,5,11
E07000194,4,9
E07000195,2,10
E07000196,2,8
E07000197,4,10
E07000198,5,10
E07000199,5,9
E07000200,14,8
E07000202,15,9
E07000203,14,9
E07000207,7,2
E07000208,8,0
E07000209,5,1
E07000210,6,1
E07000211,7,0
E07000212,5,3
E07000213,6,3
E07000214,5,2
E07000215,9,-1
E07000216,6,0
E07000217,6,2
E07000218,6,8
E07000219,6,7
E07000220,6,6
E07000221,3,6
E07000222,4,6
E07000223,8,-2
E07000224,6,-2
E07000225,5,-1
E07000226,8,-1
E07000227,6,-1
E07000228,7,-1
E07000229,7,-2
E07000234,2,7
E07000235,-1,7
E07000236,4,7
E07000237,0,7
E07000238,2,6
E07000239,1,8
E07000240,10,6
E07000241,11,6
E07000242,13,8
E07000243,12,7
E07000244,16,10
E07000245,13,9
E08000001,4,14
E08000002,5,14
E08000003,5,12
E08000004,5,13
E08000005,7,14
E08000006,4,13
E08000007,6,12
E08000008,6,13
E08000009,4,12
E08000010,3,13
E08000011,2,12
E08000012,1,13
E08000013,3,12
E08000014,2,14
E08000015,1,12
E08000016,8,14
E08000017,9,14
E08000018,9,13
E08000019,8,13
E08000021,5,19
E08000022,6,20
E08000023,7,20
E08000024,7,19
E08000025,5,8
E08000026,5,6
E08000027,1,7
E08000028,3,7
E08000029,5,7
E08000030,4,8
E08000031,3,8
E08000032,7,16
E08000033,7,15
E08000034,8,15
E08000035,8,16
E08000036,9,15
E08000037,6,19
E09000001,11,2
E09000002,13,3
E09000003,10,5
E09000004,12,1
E09000005,10,4
E09000006,11,0
E09000007,11,4
E09000008,10,0
E09000009,9,4
E09000010,11,5
E09000011,11,1
E09000012,12,3
E09000013,8,3
E09000014,12,4
E09000015,8,4
E09000016,14,3
E09000017,7,4
E09000018,7,3
E09000019,11,3
E09000020,9,3
E09000021,7,1
E09000022,10,2
E09000023,10,1
E09000024,8,1
E09000025,13,2
E09000026,14,4
E09000027,8,2
E09000028,9,1
E09000029,9,0
E09000030,12,2
E09000031,13,4
E09000032,9,2
E09000033,10,3
N09000001,-4,16
N09000002,-5,16
N09000003,-4,17
N09000004,-5,18
N09000005,-6,17
N09000006,-6,16
N09000007,-5,15
N09000008,-4,18
N09000009,-5,17
N09000010,-4,15
N09000011,-3,16
S12000005,2,24
S12000006,4,20
S12000008,3,20
S12000010,5,22
S12000011,2,20
S12000013,-1,27
S12000014,2,23
S12000017,1,26
S12000018,0,21
S12000019,3,21
S12000020,2,26
S12000021,1,20
S12000023,4,28
S12000026,4,21
S12000027,5,30
S12000028,1,19
S12000029,2,21
S12000030,1,24
S12000033,4,26
S12000034,3,26
S12000035,0,24
S12000036,4,22
S12000038,1,22
S12000039,0,23
S12000040,3,22
S12000041,2,25
S12000042,3,25
S12000045,1,23
S12000047,3,24
S12000048,1,25
S12000049,1,21
S12000050,2,22
W06000001,-2,12
W06000002,-2,10
W06000003,-1,10
W06000004,0,10
W06000005,0,11
W06000006,1,10
W06000008,-2,9
W06000009,-5,6
W06000010,-4,6
W06000011,-4,5
W06000012,-3,5
W06000013,-3,6
W06000014,-2,4
W06000015,-2,5
W06000016,-3,7
W06000018,-2,6
W06000019,0,9
W06000020,-2,7
W06000021,-1,8
W06000022,-1,5
W06000023,-1,9
W06000024,-2,8
